{"cameraMode":{"drawMode":2,"name":"Shaded Wireframe","section":"Shading Mode"},"sceneLighting":true,"audioPlay":false,"sceneViewState":{"showFog":true,"showMaterialUpdate":false,"showSkybox":true,"showFlares":true,"showImageEffects":true,"showParticleSystems":true},"in2DMode":false,"pivot":{"x":-1.2745355367660523,"y":0.2582589387893677,"z":0.6214771270751953},"rotation":{"x":-0.2769339978694916,"y":0.10409333556890488,"z":-0.030192265287041665,"w":-0.9547568559646606},"size":4.499866962432861,"orthographic":false}